SL_No,STATE,PC_Name ,WINNER_NAME,CATEGORY,SOCIAL_CATEGORY,PARTY,PARTY_SYMBOL,MARGIN,No_Of_Polling_Station,Electors,Avg_No_of_Electors_Per_PS,Nominations,Contestants,Forefeited_Deposits,Voters,Voters_Turn_Out_Percent,Year
1,Andaman & Nicobar Islands,Andaman & Nicobar Islands,KULDEEP RAI SHARMA,GEN,GEN,INC,Hand,1407,407,318471,782,19,15,13,207398,65,2024
2,Andhra Pradesh,Aruku ,GODDETI. MADHAVI,ST,ST,YSRCP,Ceiling Fan,224089,2035,1451418,713,13,10,8,1078235,74,2024
3,Andhra Pradesh,Srikakulam,KINJARAPU RAM MOHAN NAIDU,GEN,GEN,TDP,Bicycle,6653,2031,1553860,765,13,9,7,1164286,75,2024
4,Andhra Pradesh,Vizianagaram,Bellana Chandra Sekhar,GEN,GEN,YSRCP,Ceiling Fan,48036,1887,1503980,797,17,14,12,1222433,81,2024
5,Andhra Pradesh,Visakhapatnam,M V V SATYANARAYANA,GEN,GEN,YSRCP,Ceiling Fan,4414,1915,1829300,955,24,14,11,1239921,68,2024
6,Andhra Pradesh,Anakapalli,Dr.Beesetti Venkata Satyavathi,GEN,GEN,YSRCP,Ceiling Fan,89192,1799,1521363,846,14,10,8,1240456,82,2024
7,Andhra Pradesh,Kakinada,VANGA GEETHAVISWANATH,GEN,GEN,YSRCP,Ceiling Fan,25738,1623,1563930,964,20,15,13,1236814,79,2024
8,Andhra Pradesh,Amalapuram ,CHINTA ANURADHA,SC,SC,YSRCP,Ceiling Fan,39795,1641,1459556,889,13,10,7,1235368,85,2024
9,Andhra Pradesh,Rajahmundry,MARGANI BHARAT,GEN,GEN,YSRCP,Ceiling Fan,121634,1584,1534256,969,17,11,9,1250488,82,2024
10,Andhra Pradesh,Narsapuram,KANUMURU RAGHU RAMA KRISHNA RAJU,GEN,GEN,YSRCP,Ceiling Fan,32676,1502,1439691,959,20,15,12,1179162,82,2024
11,Andhra Pradesh,Eluru ,KOTAGIRI SRIDHAR,GEN,GEN,YSRCP,Ceiling Fan,165925,1771,1594950,901,14,10,8,1332210,84,2024
12,Andhra Pradesh,Machilipatnam ,BALASHOWRY VALLABHANENI,GEN,GEN,YSRCP,Ceiling Fan,60238,1752,1473347,841,18,12,10,1245552,85,2024
13,Andhra Pradesh,Vijayawada,KESINENI SRINIVAS (NANI),GEN,GEN,TDP,Bicycle,8726,1709,1652994,967,21,15,13,1277775,77,2024
14,Andhra Pradesh,Guntur,Jayadev Galla,GEN,GEN,TDP,Bicycle,4205,1804,1706119,946,27,19,17,1351527,79,2024
15,Andhra Pradesh,Narasaraopet,LAVU SRI KRISHNA DEVARAYALU,GEN,GEN,YSRCP,Ceiling Fan,154002,1915,1670391,872,19,13,11,1440732,86,2024
16,Andhra Pradesh,Bapatla ,NANDIGAM SURESH,SC,SC,YSRCP,Ceiling Fan,16065,1767,1468671,831,16,13,11,1269998,86,2024
17,Andhra Pradesh,Ongole ,MAGUNTA SREENIVASULU REDDY,GEN,GEN,YSRCP,Ceiling Fan,214851,1931,1556469,806,17,13,11,1344003,86,2024
18,Andhra Pradesh,Nandyal,POCHA . BRAHMANANDA REDDY,GEN,GEN,YSRCP,Ceiling Fan,250119,1938,1603220,827,28,20,18,1299785,81,2024
19,Andhra Pradesh,Kurnool,AYUSHMAN DOCTOR SANJEEV KUMAR,GEN,GEN,YSRCP,Ceiling Fan,149067,1843,1573009,854,17,16,14,1190672,76,2024
20,Andhra Pradesh,Anantapur,TALARI RANGAIAH,GEN,GEN,YSRCP,Ceiling Fan,141428,1975,1664160,843,18,14,12,1348114,81,2024
21,Andhra Pradesh,Hindupur,KURUVA GORANTLA MADHAV,GEN,GEN,YSRCP,Ceiling Fan,140748,1909,1578218,827,12,9,7,1340027,85,2024
22,Andhra Pradesh,Kadapa,Y.S.Avinash Reddy,GEN,GEN,YSRCP,Ceiling Fan,380726,1922,1570330,817,24,15,13,1235547,79,2024
23,Andhra Pradesh,Nellore,Adala Prabhakara Reddy,GEN,GEN,YSRCP,Ceiling Fan,148571,1944,1672845,861,21,13,11,1289161,77,2024
24,Andhra Pradesh,Tirupati ,Balli Durga Prasad Rao,SC,SC,YSRCP,Ceiling Fan,228376,1987,1650453,831,17,12,10,1316473,80,2024
25,Andhra Pradesh,Rajampet,P.V.MIDHUN REDDY,GEN,GEN,YSRCP,Ceiling Fan,268284,1892,1546938,818,20,9,7,1226152,79,2024
26,Andhra Pradesh,Chittoor ,N. REDDEPPA,SC,SC,YSRCP,Ceiling Fan,137271,1883,1566499,832,10,8,6,1319635,84,2024
27,Arunachal Pradesh,ARUNACHAL WEST,KIREN RIJIJU,GEN,GEN,BJP,Lotus,174843,1297,463775,358,7,7,6,364047,79,2024
28,Arunachal Pradesh,ARUNACHAL EAST,Tapir Gao,GEN,GEN,BJP,Lotus,69948,905,339788,375,5,5,3,295719,87,2024
29,Assam,Kokrajhar,Naba Kumar Sarania,ST,ST,IND,Battery Torch,37786,2347,1776358,757,12,9,6,1479744,83,2024
30,Assam,Barpeta,Abdul Khaleque,GEN,GEN,INC,Hand,140307,2188,1685149,770,14,13,10,1458808,87,2024
31,Assam,Gauhati,QUEEN OJA,GEN,GEN,BJP,Lotus,345606,2592,2181319,842,19,17,15,1763950,81,2024
32,Assam,Mangaldoi,DILIP SAIKIA,GEN,GEN,BJP,Lotus,138545,2353,1800237,765,13,11,9,1506419,84,2024
33,Assam,Tezpur,PALLAB LOCHAN DAS,GEN,GEN,BJP,Lotus,242841,1880,1499639,798,10,7,5,1191885,79,2024
34,Assam,Nowgong,Pradyut Bordoloi,GEN,GEN,INC,Hand,16752,2283,1794648,786,8,7,5,1493624,83,2024
35,Assam,Kaliabor,Gaurav Gogoi,GEN,GEN,INC,Hand,209994,2174,1734938,798,7,7,5,1424795,82,2024
36,Assam,Jorhat,TOPON KUMAR GOGOI,GEN,GEN,BJP,Lotus,82653,1753,1365035,779,8,8,6,1058820,78,2024
37,Assam,Dibrugarh,RAMESWAR TELI,GEN,GEN,BJP,Lotus,364566,1657,1314319,793,8,8,6,1015992,77,2024
38,Assam,Lakhimpur,PRADAN BARUAH,GEN,GEN,BJP,Lotus,350551,2110,1708013,809,12,11,9,1283950,75,2024
39,Assam,Karimganj ,KRIPANATH MALLAH,SC,SC,BJP,Lotus,38389,1721,1340173,779,19,14,12,1061160,79,2024
40,Assam,Silchar,RAJDEEP ROY,GEN,GEN,BJP,Lotus,81596,1461,1195720,818,14,13,11,950690,80,2024
41,Assam,Autonomous District,HOREN SING BEY,ST,ST,BJP,Lotus,239626,1174,795945,678,6,5,3,617858,78,2024
42,Assam,Dhubri,BADRUDDIN AJMAL,GEN,GEN,AIUDF,Lock and Key,226258,2450,1858566,759,17,15,12,1685058,91,2024
43,Bihar,Samastipur (SC),Ramchandra Paswan,SC,SC,LJP,Bungalow,251643,1700,1679030,988,17,11,9,1019771,61,2024
44,Bihar,Begusarai,Giriraj Singh,GEN,GEN,BJP,Lotus,422217,1944,1958382,1007,21,10,8,1226503,63,2024
45,Bihar,Khagaria,Choudhary Mehboob Ali Kaiser,GEN,GEN,LJP,Bungalow,248570,1714,1676454,978,26,20,18,967411,58,2024
46,Bihar,Bhagalpur,AJAY KUMAR MANDAL,GEN,GEN,JD(U),Arrow,277630,1777,1823820,1026,16,9,7,1043182,57,2024
47,Bihar,Banka,GIRIDHARI YADAV,GEN,GEN,JD(U),Arrow,200532,1816,1699394,936,23,20,18,995860,59,2024
48,Bihar,Munger,RAJIV RANJAN SINGH ALIAS LALAN SINGH,GEN,GEN,JD(U),Arrow,167937,1926,1888025,980,21,19,17,1036441,55,2024
49,Bihar,Nalanda,Kaushlendra Kumar,GEN,GEN,JD(U),Arrow,256137,2248,2114809,941,36,35,33,1031874,49,2024
50,Bihar,Patna Sahib,RAVI SHANKAR PRASAD,GEN,GEN,BJP,Lotus,284657,2007,2146008,1069,37,18,16,982939,46,2024
51,Bihar,Pataliputra,RAM KRIPAL YADAV,GEN,GEN,BJP,Lotus,39321,2050,1925479,939,33,25,23,1078809,56,2024
52,Bihar,Arrah,R. K. Singh,GEN,GEN,BJP,Lotus,147285,2162,2089353,966,24,11,9,1082464,52,2024
53,Bihar,Valmiki Nagar,BAIDYANATH PRASAD MAHTO,GEN,GEN,JD(U),Arrow,354616,1701,1665502,979,17,13,11,1032231,62,2024
54,Bihar,Buxar,Ashwini Kumar Choubey,GEN,GEN,BJP,Lotus,117609,1856,1829373,986,16,15,13,986962,54,2024
55,Bihar,Paschim Champaran,DR. SANJAY JAISWAL,GEN,GEN,BJP,Lotus,293906,1647,1633824,992,18,9,7,1013373,62,2024
56,Bihar,Sasaram (SC),CHHEDI PASWAN,SC,SC,BJP,Lotus,165745,1927,1787878,928,15,13,11,975577,55,2024
57,Bihar,Purvi Champaran,RADHA MOHAN SINGH,GEN,GEN,BJP,Lotus,293648,1611,1658672,1030,25,22,20,1000135,60,2024
58,Bihar,Karakat,MAHABALI SINGH,GEN,GEN,JD(U),Arrow,84542,1869,1771254,948,37,27,25,869546,49,2024
59,Bihar,Jahanabad,CHANDESHWAR PRASAD,GEN,GEN,JD(U),Arrow,1751,1692,1588454,939,29,13,11,822233,52,2024
60,Bihar,Sheohar,RAMA DEVI,GEN,GEN,BJP,Lotus,340360,1670,1686215,1010,26,18,16,1004927,60,2024
61,Bihar,Aurangabad,SUSHIL KUMAR SINGH,GEN,GEN,BJP,Lotus,70552,2021,1886284,933,42,23,20,1198727,64,2024
62,Bihar,Sitamarhi,Sunil Kumar Pintu,GEN,GEN,JD(U),Arrow,250539,1776,1752454,987,24,20,18,1039600,59,2024
63,Bihar,Madhubani,ASHOK KUMAR YADAV,GEN,GEN,BJP,Lotus,454940,1837,1792798,976,22,17,16,964706,54,2024
64,Bihar,Gaya (SC),Vijay Kumar,SC,SC,JD(U),Arrow,152426,1772,1704596,962,14,13,11,957654,56,2024
65,Bihar,Jhanjharpur,Ramprit Mandal,GEN,GEN,JD(U),Arrow,322951,1929,1852417,960,20,17,15,1062391,57,2024
66,Bihar,Nawada,Chandan Singh,GEN,GEN,LJP,Bungalow,148072,1899,1899747,1000,18,13,11,944691,50,2024
67,Bihar,Supaul,Dileshwar Kamait,GEN,GEN,JD(U),Arrow,266853,1770,1690620,955,24,20,18,1110996,66,2024
68,Bihar,Jamui (SC),CHIRAG KUMAR PASWAN,SC,SC,LJP,Bungalow,241049,1850,1718814,929,12,9,7,949561,55,2024
69,Bihar,Araria,PRADEEP KUMAR SINGH,GEN,GEN,BJP,Lotus,137241,1723,1805439,1048,28,12,10,1169741,65,2024
70,Bihar,Kishanganj,Dr. Mohammad Jawed,GEN,GEN,INC,Hand,34466,1626,1659651,1021,16,14,11,1101656,66,2024
71,Bihar,Katihar,DULAL CHANDRA GOSWAMI,GEN,GEN,JD(U),Arrow,57203,1667,1653353,992,17,9,7,1118289,68,2024
72,Bihar,Purnia,SANTOSH KUMAR,GEN,GEN,JD(U),Arrow,263461,1758,1765312,1004,17,16,14,1153989,65,2024
73,Bihar,Madhepura,Dinesh Chandra Yadav,GEN,GEN,JD(U),Arrow,301527,1940,1884883,972,18,13,11,1147652,61,2024
74,Bihar,Darbhanga,Gopal Jee Thakur,GEN,GEN,BJP,Lotus,267979,1664,1654811,994,17,8,6,965510,58,2024
75,Bihar,Muzaffarpur,Ajay Nishad,GEN,GEN,BJP,Lotus,409988,1748,1730553,990,37,22,20,1058507,61,2024
76,Bihar,Vaishali,Veena Devi (W/o Dinesh Prasad Singh),GEN,GEN,LJP,Bungalow,234584,1803,1735983,963,36,22,20,1074751,62,2024
77,Bihar,Gopalganj (SC),DR. ALOK KUMAR SUMAN,SC,SC,JD(U),Arrow,286434,1906,1839514,965,17,13,11,1026056,56,2024
78,Bihar,Siwan,Kavita Singh,GEN,GEN,JD(U),Arrow,116958,1787,1799551,1007,24,19,17,984850,55,2024
79,Bihar,Maharajganj,"Janardan Singh 'Sigriwal""",GEN,GEN,BJP,Lotus,230772,2067,1915408,927,21,14,12,1227224,64,2024
80,Bihar,Saran,Rajiv Pratap Rudy,GEN,GEN,BJP,Lotus,138411,1711,1667253,974,15,12,10,943615,57,2024
81,Bihar,Hajipur (SC),PASHU PATI KUMAR PARAS,SC,SC,LJP,Bungalow,205449,1827,1823664,998,27,11,9,1007680,55,2024
82,Bihar,Ujiarpur,Nityanand Rai,GEN,GEN,BJP,Lotus,277278,1600,1612300,1008,30,18,16,969862,60,2024
83,Chandigarh,CHANDIGARH,KIRRON KHER,GEN,GEN,BJP,Lotus,46970,597,646729,1083,45,36,34,456637,71,2024
84,Chhattisgarh,SARGUJA,Renuka Singh Saruta,ST,ST,BJP,Lotus,157873,2153,1655239,769,11,10,8,1281216,77,2024
85,Chhattisgarh,RAIGARH,GOMATI SAI,ST,ST,BJP,Lotus,66027,2327,1733805,745,14,14,12,1350741,78,2024
86,Chhattisgarh,JANJGIR-CHAMPA,GUHARAM AJGALLEY,SC,SC,BJP,Lotus,83255,2172,1897134,873,18,15,13,1248474,66,2024
87,Chhattisgarh,KORBA,JYOTSNA CHARANDAS MAHANT,GEN,GEN,INC,Hand,26249,2008,1508840,751,20,13,11,1137423,75,2024
88,Chhattisgarh,BILASPUR,ARUN SAO,GEN,GEN,BJP,Lotus,141763,2221,1876953,845,27,25,23,1210261,64,2024
89,Chhattisgarh,RAJNANDGAON,SANTOSH PANDEY,GEN,GEN,BJP,Lotus,111966,2322,1716459,739,24,14,12,1307878,76,2024
90,Chhattisgarh,DURG,VIJAY BAGHEL,GEN,GEN,BJP,Lotus,391978,2183,1940269,889,27,21,19,1392719,72,2024
91,Chhattisgarh,RAIPUR,Sunil Kumar Soni,GEN,GEN,BJP,Lotus,348238,2343,2111738,901,32,25,23,1397142,66,2024
92,Chhattisgarh,MAHASAMUND,CHUNNI LAL SAHU,GEN,GEN,BJP,Lotus,90511,2140,1637951,765,18,13,11,1222767,75,2024
93,Chhattisgarh,BASTAR,DEEPAK BAIJ,ST,ST,INC,Hand,38982,1879,1379122,734,8,7,5,913761,66,2024
94,Chhattisgarh,KANKER,MOHAN MANDAVI,ST,ST,BJP,Lotus,6914,2022,1558952,771,12,9,7,1160243,74,2024
95,Dadra & Nagar Haveli,Dadra And Nagar Haveli,DELKAR MOHANBHAI SANJIBHAI,ST,ST,IND,Batsman,9001,288,250029,868,13,11,9,198984,80,2024
96,Daman & Diu,Daman & diu,LALUBHAI BABUBHAI PATEL,GEN,GEN,BJP,Lotus,9942,152,121740,801,7,4,1,87473,72,2024
97,Goa,North Goa,SHRIPAD YESSO NAIK,GEN,GEN,BJP,Lotus,80247,842,556761,661,8,6,4,429006,77,2024
98,Goa,South Goa,COSME FRANCISCO CAITANO SARDINHA,GEN,GEN,INC,Hand,9755,810,579352,715,8,6,4,424718,73,2024
99,Gujarat,Junagadh,CHUDASAMA RAJESHBHAI NARANBHAI,GEN,GEN,BJP,Lotus,150211,1913,1642864,859,18,12,10,1007252,61,2024
100,Gujarat,Amreli,Kachhadiya Naranbhai Bhikhabhai,GEN,GEN,BJP,Lotus,201431,1908,1628451,853,15,12,10,911443,56,2024
101,Gujarat,Bhavnagar,DR.BHARATIBEN DHIRUBHAI SHIYAL,GEN,GEN,BJP,Lotus,329519,2005,1768297,882,19,10,8,1044242,59,2024
102,Gujarat,Anand,PATEL MITESH RAMESHBHAI (BAKABHAI),GEN,GEN,BJP,Lotus,197718,1847,1655870,897,13,10,8,1110084,67,2024
103,Gujarat,Kheda,Chauhan Devusinh,GEN,GEN,BJP,Lotus,367145,2111,1804028,855,12,7,5,1101173,61,2024
104,Gujarat,Panchmahal,Ratansinh Magansinh Rathod,GEN,GEN,BJP,Lotus,428541,2146,1744762,813,18,6,4,1085718,62,2024
105,Gujarat,Dahod,JASHVANTSINH SUMANBHAI BHABHOR,ST,ST,BJP,Lotus,127596,1950,1598939,820,11,7,5,1064391,67,2024
106,Gujarat,Vadodara,RANJANBEN BHATT,GEN,GEN,BJP,Lotus,589177,1824,1794896,984,20,13,11,1223709,68,2024
107,Gujarat,Chhota Udaipur,RATHVA GITABEN VAJESINGBHAI,ST,ST,BJP,Lotus,377943,2233,1671253,748,10,8,6,1235055,74,2024
108,Gujarat,Bharuch,Mansukhbhai Dhanjibhai Vasava,GEN,GEN,BJP,Lotus,334214,1916,1564519,817,22,17,15,1150658,74,2024
109,Gujarat,Bardoli,PARBHUBHAI NAGARBHAI VASAVA,ST,ST,BJP,Lotus,215447,2202,1826526,829,17,12,10,1349645,74,2024
110,Gujarat,Surat,Darshana Vikram Jardosh,GEN,GEN,BJP,Lotus,548230,1681,1655704,985,21,13,11,1069253,65,2024
111,Gujarat,Navsari,C. R. Patil,GEN,GEN,BJP,Lotus,689668,2098,1971658,940,29,25,23,1309236,66,2024
112,Gujarat,Valsad,Dr.K.C.PATEL,ST,ST,BJP,Lotus,353797,2057,1671030,812,11,9,7,1261364,75,2024
113,Gujarat,Kachchh,CHAVDA VINOD LAKHAMSHI,SC,SC,BJP,Lotus,305513,2143,1744321,814,14,10,8,1024152,59,2024
114,Gujarat,Banaskantha,PARBATBHAI SAVABHAI PATEL,GEN,GEN,BJP,Lotus,368296,2012,1697384,844,25,14,12,1103739,65,2024
115,Gujarat,Patan,DABHI BHARATSINHJI SHANKARJI,GEN,GEN,BJP,Lotus,193879,2107,1807043,858,18,12,10,1128417,62,2024
116,Gujarat,Mahesana,SHARDABEN ANILBHAI PATEL,GEN,GEN,BJP,Lotus,281519,1863,1648869,885,20,12,10,1084677,66,2024
117,Gujarat,Sabarkantha,RATHOD DIPSINH SHANKARSINH,GEN,GEN,BJP,Lotus,268986,2381,1801717,757,27,20,18,1220978,68,2024
118,Gujarat,Gandhinagar,AMIT SHAH,GEN,GEN,BJP,Lotus,557014,1975,1945772,985,45,17,15,1285826,66,2024
119,Gujarat,Ahmedabad East,Patel Hasmukhbhai Somabhai,GEN,GEN,BJP,Lotus,434330,1895,1811851,956,34,26,24,1119064,62,2024
120,Gujarat,Ahmedabad West,DR. KIRIT P. SOLANKI,SC,SC,BJP,Lotus,321546,1556,1643317,1056,17,13,11,999233,61,2024
121,Gujarat,Surendranagar,Dr. MUNJAPARA MAHENDRABHAI,GEN,GEN,BJP,Lotus,277437,2178,1849429,849,48,31,29,1080199,58,2024
122,Gujarat,Rajkot,KUNDARIA MOHANBHAI KALYANJIBHAI,GEN,GEN,BJP,Lotus,368407,2050,1884339,919,21,10,8,1196300,63,2024
123,Gujarat,Porbandar,RAMESHBHAI LAVJIBHAI DHADUK,GEN,GEN,BJP,Lotus,229823,1854,1662368,897,20,17,15,951107,57,2024
124,Gujarat,Jamnagar,POONAMBEN HEMATBHAI MAADAM,GEN,GEN,BJP,Lotus,236804,1946,1657166,852,44,28,26,1011449,61,2024
125,Haryana,Ambala,RATTAN LAL KATARIA,SC,SC,BJP,Lotus,342345,2045,1853711,906,23,18,16,1317922,71,2024
126,Haryana,Kurukshetra,NAYAB SINGH,GEN,GEN,BJP,Lotus,384591,1819,1657335,911,30,24,22,1231165,74,2024
127,Haryana,Sirsa,Sunita Duggal,SC,SC,BJP,Lotus,309918,1912,1803349,943,22,20,18,1370316,76,2024
128,Haryana,Hisar,BRIJENDRA SINGH,GEN,GEN,BJP,Lotus,314068,1751,1631817,932,46,26,24,1181878,72,2024
129,Haryana,Karnal,Sanjay Bhatia,GEN,GEN,BJP,Lotus,656142,2003,1904193,951,31,16,14,1301474,68,2024
130,Haryana,Sonipat,RAMESH CHANDER KAUSHIK,GEN,GEN,BJP,Lotus,164864,1771,1592611,899,36,29,27,1131146,71,2024
131,Haryana,Rohtak,ARVIND KUMAR SHARMA,GEN,GEN,BJP,Lotus,7503,1876,1737133,926,22,18,16,1224994,71,2024
132,Haryana,Bhiwani-Mahendragarh,Dharambir Singh S/o Bhale Ram,GEN,GEN,BJP,Lotus,444463,1968,1654317,841,29,21,19,1165906,70,2024
133,Haryana,Gurgaon,RAO INDERJIT SINGH,GEN,GEN,BJP,Lotus,386256,2254,2150728,954,34,24,22,1448101,67,2024
134,Haryana,Faridabad,KRISHAN PAL,GEN,GEN,BJP,Lotus,638239,2043,2071816,1014,30,27,25,1328127,64,2024
135,Himachal Pradesh,Kangra,Kishan Kapoor,GEN,GEN,BJP,Lotus,477623,1876,1427338,761,12,11,9,1009556,71,2024
136,Himachal Pradesh,Mandi,RAM SWAROOP SHARMA,GEN,GEN,BJP,Lotus,405459,2082,1281462,615,21,17,15,943148,74,2024
137,Himachal Pradesh,Hamirpur,ANURAG SINGH THAKUR,GEN,GEN,BJP,Lotus,399572,1244,1749100,1406,18,14,12,1090029,62,2024
138,Himachal Pradesh,Shimla,SURESH KUMAR KASHYAP,SC,SC,BJP,Lotus,327514,2008,1259085,627,8,6,4,915149,73,2024
139,Jammu & Kashmir,Udhampur,DR. JITENDRA SINGH,GEN,GEN,BJP,Lotus,357252,2710,1685816,622,14,12,10,1182680,70,2024
140,Jammu & Kashmir,Jammu,Jugal Kishore,GEN,GEN,BJP,Lotus,302875,2740,2047302,747,37,24,22,1484387,73,2024
141,Jammu & Kashmir,Baramulla,MOHAMMAD AKBAR LONE,GEN,GEN,JKN,Plough,30233,1745,1317738,755,14,9,6,455999,35,2024
142,Jammu & Kashmir,Srinagar,Farooq Abdullah,GEN,GEN,JKN,Plough,70050,1716,1294671,754,13,12,10,186863,14,2024
143,Jammu & Kashmir,Anantnag,HASNAIN MASOODI,GEN,GEN,JKN,Plough,6676,1842,1397779,759,20,18,15,125465,9,2024
144,Jammu & Kashmir,Ladakh,Jamyang Tsering Namgyal,GEN,GEN,BJP,Lotus,10930,559,179232,321,8,4,0,127350,71,2024
145,Jharkhand,Rajmahal,VIJAY KUMAR HANSDAK,ST,ST,JMM,Bow & Arrow,99195,2020,1454436,720,16,14,12,1047853,72,2024
146,Jharkhand,Dumka,SUNIL SOREN,ST,ST,BJP,Lotus,47590,1891,1397253,739,16,15,13,1025981,73,2024
147,Jharkhand,Godda,Nishikant Dubey,GEN,GEN,BJP,Lotus,184227,2347,1716766,731,26,13,11,1194343,70,2024
148,Jharkhand,Chatra,SUNIL KUMAR SINGH,GEN,GEN,BJP,Lotus,377871,1899,1425218,751,31,26,25,925956,65,2024
149,Jharkhand,Kodarma,ANNPURNA DEVI,GEN,GEN,BJP,Lotus,455600,2475,1814125,733,18,14,12,1209661,67,2024
150,Jharkhand,Giridih,Chandra Prakash Choudhary,GEN,GEN,AJSUP,Banana,248347,2161,1649413,763,26,15,13,1107156,67,2024
151,Jharkhand,Dhanbad,PASHUPATI NATH SINGH,GEN,GEN,BJP,Lotus,486194,2539,2072634,816,28,20,18,1253265,60,2024
152,Jharkhand,Ranchi,SANJAY SETH,GEN,GEN,BJP,Lotus,282780,2376,1915959,806,35,20,18,1235614,64,2024
153,Jharkhand,Jamshedpur,Bidyut Baran Mahato,GEN,GEN,BJP,Lotus,302090,1885,1703279,904,29,23,21,1144427,67,2024
154,Jharkhand,Singhbhum,GEETA KORA,ST,ST,INC,Hand,72155,1715,1269917,740,11,9,7,879516,69,2024
155,Jharkhand,Khunti,ARJUN MUNDA,ST,ST,BJP,Lotus,1445,1705,1202664,705,20,11,9,832834,69,2024
156,Jharkhand,Lohardaga,SUDARSHAN BHAGAT,ST,ST,BJP,Lotus,10363,1747,1234286,707,17,14,12,818367,66,2024
157,Jharkhand,Palamau,VISHNU DAYAL RAM,SC,SC,BJP,Lotus,477606,2426,1881441,776,24,19,17,1210426,64,2024
158,Jharkhand,Hazaribagh,JAYANT SINHA,GEN,GEN,BJP,Lotus,479548,2278,1667465,732,18,16,14,1081382,65,2024
159,Karnataka,Chikkodi,ANNASAHEB SHANKAR JOLLE,GEN,GEN,BJP,Lotus,118877,1885,1612556,855,13,11,9,1219483,76,2024
160,Karnataka,Belgaum,ANGADI SURESH CHANNABASAPPA,GEN,GEN,BJP,Lotus,391304,2064,1779350,862,66,57,55,1207142,68,2024
161,Karnataka,Bagalkot,Gaddigoudar Parvatagouda Chandanagouda,GEN,GEN,BJP,Lotus,168187,1938,1704010,879,16,14,12,1204702,71,2024
162,Karnataka,Bijapur,JIGAJINAGI RAMESH CHANDAPPA,SC,SC,BJP,Lotus,258038,2101,1797587,856,17,12,10,1112493,62,2024
163,Karnataka,Gulbarga,DR. UMESH G JADHAV,SC,SC,BJP,Lotus,95452,2157,1945765,902,21,12,10,1190471,61,2024
164,Karnataka,Raichur,RAJA AMARESHWARA NAIK,ST,ST,BJP,Lotus,117716,2184,1928204,883,8,5,3,1124962,58,2024
165,Karnataka,Bidar,BHAGWANTH KHUBA,GEN,GEN,BJP,Lotus,116834,1999,1775095,888,35,22,20,1118255,63,2024
166,Karnataka,Koppal,KARADI SANGANNA AMARAPPA,GEN,GEN,BJP,Lotus,38397,2033,1736693,854,17,14,12,1190627,69,2024
167,Karnataka,Bellary,Y. DEVENDRAPPA,ST,ST,BJP,Lotus,55707,1925,1751734,910,14,11,9,1221985,70,2024
168,Karnataka,Haveri,UDASI. S.C.,GEN,GEN,BJP,Lotus,140882,1972,1708510,866,19,10,8,1267888,74,2024
169,Karnataka,Dharwad,Pralhad Joshi,GEN,GEN,BJP,Lotus,205072,1872,1727311,923,26,19,17,1214138,70,2024
170,Karnataka,Uttara Kannada,ANANTKUMAR HEGDE,GEN,GEN,BJP,Lotus,479649,1922,1556599,810,17,13,11,1154390,74,2024
171,Karnataka,Davanagere,G M SIDDESHWAR,GEN,GEN,BJP,Lotus,169702,1949,1633064,838,28,25,23,1195225,73,2024
172,Karnataka,Shimoga,B.Y.RAGHAVENDRA.,GEN,GEN,BJP,Lotus,223360,2021,1676668,830,14,12,10,1284067,77,2024
173,Karnataka,Udupi Chikmagalur,SHOBHA KARANDLAJE,GEN,GEN,BJP,Lotus,349599,1837,1513806,824,14,12,10,1151623,76,2024
174,Karnataka,Hassan,PRAJWAL REVANNA,GEN,GEN,JD(S),A lady farmer carrying paddy on her head,141324,2235,1652999,740,10,6,4,1278653,77,2024
175,Karnataka,Dakshina Kannada,NALIN KUMAR KATEEL,GEN,GEN,BJP,Lotus,274621,1861,1724976,927,15,13,11,1345347,78,2024
176,Karnataka,Chitradurga,A NARAYANASWAMY,SC,SC,BJP,Lotus,80178,2161,1760633,815,24,19,17,1246506,71,2024
177,Karnataka,Tumkur,G. S. BASAVARAJ,GEN,GEN,BJP,Lotus,13339,1907,1608545,843,23,15,13,1245469,77,2024
178,Karnataka,Mandya,SUMALATHA AMBAREESH,GEN,GEN,IND,Man Blowing Turha,125876,2046,1712004,837,27,22,20,1379622,81,2024
179,Karnataka,Mysore,PRATHAP SIMHA,GEN,GEN,BJP,Lotus,138647,2187,1896333,867,30,22,20,1318103,70,2024
180,Karnataka,Chamarajanagar,V. SRINIVAS PRASAD,SC,SC,BJP,Lotus,1817,2005,1686333,841,13,10,8,1270725,75,2024
181,Karnataka,Bangalore Rural,D.K. SURESH,GEN,GEN,INC,Hand,206870,2672,2497458,935,21,15,13,1622824,65,2024
182,Karnataka,Bangalore North,D.V. Sadananda Gowda,GEN,GEN,BJP,Lotus,147518,2656,2849250,1073,38,31,29,1560324,55,2024
183,Karnataka,Bangalore central,P. C. Mohan,GEN,GEN,BJP,Lotus,70968,2082,2204817,1059,29,22,20,1197687,54,2024
184,Karnataka,Bangalore South,TEJASVI SURYA,GEN,GEN,BJP,Lotus,331192,2131,2215489,1040,35,25,23,1189657,54,2024
185,Karnataka,Chikkballapur,B.N.Bache Gowda,GEN,GEN,BJP,Lotus,182110,2284,1808780,792,25,15,13,1387987,77,2024
186,Karnataka,Kolar,S. MUNISWAMY,SC,SC,BJP,Lotus,210021,2100,1629961,776,23,14,12,1259093,77,2024
187,Kerala,Vadakara,K. MURALEEDHARAN,GEN,GEN,INC,Hand,84663,1180,1288926,1092,15,12,10,1065932,83,2024
188,Kerala,Wayanad,Rahul Gandhi,GEN,GEN,INC,Hand,431770,1311,1359679,1037,23,20,18,1092759,80,2024
189,Kerala,Kozhikode,M.K.RAGHAVAN,GEN,GEN,INC,Hand,85225,1159,1318024,1137,19,14,12,1076882,82,2024
190,Kerala,Malappuram,P.K. Kunhalikutty,GEN,GEN,IUML,Ladder,260153,1195,1370544,1147,14,8,6,1034799,76,2024
191,Kerala,Ponnani,E. T. Mohammed Basheer,GEN,GEN,IUML,Ladder,193273,1148,1356803,1182,18,12,10,1017366,75,2024
192,Kerala,Palakkad,V K SREEKANDAN,GEN,GEN,INC,Hand,11637,1330,1323010,995,13,9,6,1028874,78,2024
193,Kerala,Alathur ,RAMYA HARIDAS,SC,SC,INC,Hand,158968,1135,1266794,1116,10,6,4,1019376,80,2024
194,Kerala,Thrissur,T. N. PRATHAPAN,GEN,GEN,INC,Hand,93633,1258,1337110,1063,13,8,5,1042122,78,2024
195,Kerala,Chalakudy,BENNY BEHANAN,GEN,GEN,INC,Hand,132274,1182,1230197,1041,16,13,11,990433,81,2024
196,Kerala,Ernakulam,HIBI EDEN,GEN,GEN,INC,Hand,169153,1108,1245972,1125,18,13,11,967390,78,2024
197,Kerala,Idukki,Adv. DEAN KURIAKOSE,GEN,GEN,INC,Hand,171053,1305,1204191,923,9,8,6,919559,76,2024
198,Kerala,Kottayam,Thomas Chazhikadan,GEN,GEN,KEC(M),Two Leaves,106259,1198,1206698,1007,15,7,4,910648,75,2024
199,Kerala,Alappuzha,Adv. A M ARIFF,GEN,GEN,CPIM,"Hammer, Sickle and Star",10474,1331,1356701,1019,14,12,9,1090112,80,2024
200,Kerala,Mavelikkara ,KODIKUNNIL SURESH,SC,SC,INC,Hand,61138,1280,1308102,1022,12,10,8,972360,74,2024
201,Kerala,Pathanamthitta,ANTO ANTONY,GEN,GEN,INC,Hand,44243,1437,1382741,962,11,8,5,1027378,74,2024
202,Kerala,Kollam,N.K.Premachandran,GEN,GEN,RSP,Spade & Stoker,148856,1212,1296720,1070,12,9,7,969017,75,2024
203,Kerala,Attingal,Adv. ADOOR PRAKASH,GEN,GEN,INC,Hand,38247,1410,1350710,958,23,19,16,1006048,74,2024
204,Kerala,Thiruvananthapuram,Dr. SHASHI THAROOR,GEN,GEN,INC,Hand,99989,1305,1371427,1051,20,17,14,1011268,74,2024
205,Kerala,Kasaragod,Rajmohan Unnithan,GEN,GEN,INC,Hand,40438,1317,1363937,1036,11,9,7,1100099,81,2024
206,Kerala,Kannur,K. SUDHAKARAN,GEN,GEN,INC,Hand,94559,1172,1266550,1081,17,13,11,1054746,83,2024
207,Lakshadweep,Lakshadweep,MOHAMMED FAIZAL PP,ST,ST,NCP,Clock,823,51,55189,1082,7,6,4,47026,85,2024
208,Madhya Pradesh,BALAGHAT,DR DHAL SINGH BISEN,GEN,GEN,BJP,Lotus,242066,2275,1767725,777,25,23,21,1372730,78,2024
209,Madhya Pradesh,CHHINDWARA,NAKUL KAMAL NATH,GEN,GEN,INC,Hand,37536,1943,1514783,780,23,14,12,1248478,82,2024
210,Madhya Pradesh,HOSHANGABAD,UDAY PRATAP SINGH,GEN,GEN,BJP,Lotus,553682,2250,1706141,758,18,11,9,1266304,74,2024
211,Madhya Pradesh,VIDISHA,Ramakant Bhargava,GEN,GEN,BJP,Lotus,503084,2330,1741604,747,16,13,11,1251013,72,2024
212,Madhya Pradesh,BHOPAL,SADHVI PRAGYA SINGH THAKUR,GEN,GEN,BJP,Lotus,364822,2510,2142861,854,39,30,28,1408669,66,2024
213,Madhya Pradesh,RAJGARH,RODMAL NAGAR,GEN,GEN,BJP,Lotus,431019,2231,1694329,759,13,11,9,1260930,74,2024
214,Madhya Pradesh,DEWAS,MAHENDRA SINGH SOLANKY,SC,SC,BJP,Lotus,372249,2319,1760503,759,8,6,4,1399696,80,2024
215,Madhya Pradesh,UJJAIN,ANIL FIROJIYA,SC,SC,BJP,Lotus,365637,2066,1661229,804,11,9,7,1253063,75,2024
216,Madhya Pradesh,MANDSOUR,Sudheer Gupta,GEN,GEN,BJP,Lotus,376734,2157,1760875,816,13,13,11,1371535,78,2024
217,Madhya Pradesh,RATLAM,GUMAN SINGH DAMOR,ST,ST,BJP,Lotus,90636,2348,1851112,788,13,9,7,1401335,76,2024
218,Madhya Pradesh,DHAR,CHATTARSINGH DARBAR,ST,ST,BJP,Lotus,156029,2226,1786151,802,9,7,5,1344174,75,2024
219,Madhya Pradesh,INDORE,SHANKAR LALWANI,GEN,GEN,BJP,Lotus,547754,2575,2350580,913,23,20,18,1629595,69,2024
220,Madhya Pradesh,KHARGONE,GAJENDRA UMRAO SINGH PATEL,ST,ST,BJP,Lotus,202510,2350,1834385,781,9,7,5,1428002,78,2024
221,Madhya Pradesh,KHANDWA,NANDKUMAR SINGH CHOUHAN (NANDU BHAIYA),GEN,GEN,BJP,Lotus,273343,2370,1909055,806,17,11,9,1468156,77,2024
222,Madhya Pradesh,BETUL,DURGA DAS (D.D.) UIKEY,ST,ST,BJP,Lotus,360241,2355,1737437,738,11,9,7,1358336,78,2024
223,Madhya Pradesh,MORENA,NARENDRA SINGH TOMAR,GEN,GEN,BJP,Lotus,113341,2351,1837723,782,27,25,23,1138734,62,2024
224,Madhya Pradesh,BHIND,SANDHYA RAY,SC,SC,BJP,Lotus,199885,2171,1765334,813,22,18,16,962717,55,2024
225,Madhya Pradesh,GWALIOR,VIVEK NARAYAN SHEJWALKAR,GEN,GEN,BJP,Lotus,146842,2327,2000744,860,27,18,16,1196888,60,2024
226,Madhya Pradesh,GUNA,"KRISHNA PAL SINGH ""Dr. K. P. YADAV""",GEN,GEN,BJP,Lotus,125549,2170,1675724,772,13,13,11,1178707,70,2024
227,Madhya Pradesh,SAGAR,RAJBAHADUR SINGH,GEN,GEN,BJP,Lotus,305542,2051,1583129,772,13,10,8,1037536,66,2024
228,Madhya Pradesh,TIKAMGARH,Dr Virendra Kumar,SC,SC,BJP,Lotus,348059,2062,1647399,799,19,14,12,1097454,67,2024
229,Madhya Pradesh,DAMOH,PRAHALAD SINGH PATEL,GEN,GEN,BJP,Lotus,353411,2295,1768777,771,18,15,13,1164405,66,2024
230,Madhya Pradesh,KHAJURAHO,V.D. SHARMA (VISHNU DATT SHARMA),GEN,GEN,BJP,Lotus,492382,2279,1842095,808,25,17,15,1258316,68,2024
231,Madhya Pradesh,SATNA,GANESH SINGH,GEN,GEN,BJP,Lotus,231473,1986,1575064,793,25,21,19,1113755,71,2024
232,Madhya Pradesh,REWA,JANARDAN MISHRA,GEN,GEN,BJP,Lotus,312808,2013,1679534,834,26,23,21,1014632,60,2024
233,Madhya Pradesh,SIDHI,Riti Pathak,GEN,GEN,BJP,Lotus,286524,2377,1845547,776,28,26,24,1282705,70,2024
234,Madhya Pradesh,SHAHDOL,HIMADRI SINGH,ST,ST,BJP,Lotus,403333,2187,1656474,757,15,13,11,1238486,75,2024
235,Madhya Pradesh,JABALPUR,RAKESH SINGH,GEN,GEN,BJP,Lotus,454744,2128,1819893,855,27,22,20,1264060,69,2024
236,Madhya Pradesh,MANDLA,FAGGAN SINGH KULASTE,ST,ST,BJP,Lotus,97674,2581,1951267,756,14,10,8,1517931,78,2024
237,Maharashtra,Jalna,Danve Raosaheb Dadarao,GEN,GEN,BJP,Lotus,332815,2058,1867220,907,37,20,18,1209096,65,2024
238,Maharashtra,Aurangabad,Imtiaz Jaleel Syed,GEN,GEN,AIMIM,Kite,4492,2021,1886284,933,42,23,20,1198727,64,2024
239,Maharashtra,Dindori ,Dr. Bharati Pravin Pawar,ST,ST,BJP,Lotus,198779,1884,1732936,920,15,8,6,1138702,66,2024
240,Maharashtra,Nashik,Godse Hemant Tukaram,GEN,GEN,SHS,Bow and Arrow,292204,1907,1885064,988,30,18,16,1122092,60,2024
241,Maharashtra,Palghar ,Rajendra Dhedya Gavit,ST,ST,SHS,Bow and Arrow,88883,2170,1885600,869,21,12,10,1202197,64,2024
242,Maharashtra,Bhiwandi,KAPIL MORESHWAR PATIL,GEN,GEN,BJP,Lotus,156329,2200,1890100,859,22,15,13,1005605,53,2024
243,Maharashtra,Kalyan,Dr. SHRIKANT EKNATH SHINDE,GEN,GEN,SHS,Bow and Arrow,344343,2063,1965676,953,36,28,26,890692,45,2024
244,Maharashtra,Thane,RAJAN BABURAO VICHARE,GEN,GEN,SHS,Bow and Arrow,412145,2452,2370903,967,29,23,21,1170970,49,2024
245,Maharashtra,Mumbai North,Gopal Shetty,GEN,GEN,BJP,Lotus,465247,1715,1647350,961,22,18,16,989962,60,2024
246,Maharashtra,Mumbai North West,Gajanan Kirtikar,GEN,GEN,SHS,Bow and Arrow,260328,1766,1732263,981,27,21,19,941831,54,2024
247,Maharashtra,Mumbai North East,Manoj Kotak,GEN,GEN,BJP,Lotus,226486,1721,1588693,923,33,27,25,909181,57,2024
248,Maharashtra,Mumbai North central,POONAM MAHAJAN,GEN,GEN,BJP,Lotus,130005,1721,1679891,976,27,20,18,901797,54,2024
249,Maharashtra,Mumbai South central,Rahul Ramesh Shewale,GEN,GEN,SHS,Bow & Arrow,152139,1572,1440380,916,30,17,15,797903,55,2024
250,Maharashtra,Mumbai   South,Arvind Ganpat Sawant,GEN,GEN,SHS,Bow and Arrow,100067,1578,1554176,985,17,13,11,801799,52,2024
251,Maharashtra,Raigad,Tatkare Sunil Dattatray,GEN,GEN,NCP,Clock,31438,2179,1652965,759,26,16,14,1027583,62,2024
252,Maharashtra,Nandurbar ,Dr. Heena Vijaykumar Gavit,ST,ST,BJP,Lotus,95629,2115,1871099,885,14,11,9,1284546,69,2024
253,Maharashtra,Maval,SHRIRANG APPA CHANDU BARNE,GEN,GEN,SHS,Bow and Arrow,215913,2504,2298080,918,32,21,19,1369456,60,2024
254,Maharashtra,Dhule,Bhamre Subhash Ramrao,GEN,GEN,BJP,Lotus,229243,1940,1908173,984,36,28,26,1088578,57,2024
255,Maharashtra,Pune,Girish Bhalchandra Bapat,GEN,GEN,BJP,Lotus,324628,1997,2075824,1039,46,31,29,1035654,50,2024
256,Maharashtra,Jalgaon,Unmesh Bhaiyyasaheb Patil,GEN,GEN,BJP,Lotus,411617,2013,1931400,959,21,14,12,1092287,57,2024
257,Maharashtra,Baramati,Supriya Sule,GEN,GEN,NCP,Clock,155774,2372,2114663,892,31,18,16,1307318,62,2024
258,Maharashtra,Shirur,Dr. Amol Ramsing Kolhe,GEN,GEN,NCP,Clock,58483,2296,2175529,948,27,23,21,1293155,59,2024
259,Maharashtra,Raver,Khadse Raksha Nikhil,GEN,GEN,BJP,Lotus,335882,1906,1775051,931,16,12,10,1096511,62,2024
260,Maharashtra,Ahmadnagar ,Dr. SUJAY RADHAKRISHNA VIKHEPATIL,GEN,GEN,BJP,Lotus,281474,2030,1861396,917,31,19,17,1206090,65,2024
261,Maharashtra,Buldhana,Jadhav Prataprao Ganpatrao,GEN,GEN,SHS,Bow and Arrow,133287,1979,1762918,891,15,12,10,1121151,64,2024
262,Maharashtra,Akola,Dhotre Sanjay Shamrao,GEN,GEN,BJP,Lotus,275596,2085,1865169,895,16,11,8,1120185,60,2024
263,Maharashtra,Shirdi,SADASHIV KISAN LOKHANDE,SC,SC,SHS,Bow and Arrow,120195,1710,1587079,928,30,20,18,1030502,65,2024
264,Maharashtra,Amravati ,Navnit Ravi Rana,SC,SC,IND,Spanner,36951,2000,1833091,917,36,24,22,1113853,61,2024
265,Maharashtra,Beed,Pritam Gopinathrao Munde,GEN,GEN,BJP,Lotus,168368,2325,2045405,880,58,36,34,1353442,66,2024
266,Maharashtra,Wardha,Ramdas Chandrabhanji Tadas,GEN,GEN,BJP,Lotus,187191,2026,1743283,860,16,14,12,1072657,62,2024
267,Maharashtra,Osmanabad,Omprakash Bhupalsinh Alias Pawan Rajenimbalkar,GEN,GEN,SHS,Bow and Arrow,127566,2127,1889740,888,23,14,12,1204832,64,2024
268,Maharashtra,Ramtek ,Krupal Balaji Tumane,SC,SC,SHS,Bow and Arrow,126783,2364,1922764,813,24,16,14,1197805,62,2024
269,Maharashtra,Latur ,Sudhakar Tukaram Shrangare,SC,SC,BJP,Lotus,289111,2075,1886657,909,15,10,8,1178089,62,2024
270,Maharashtra,Nagpur ,NITIN JAIRAM GADKARI,GEN,GEN,BJP,Lotus,216009,2065,2161096,1047,39,30,28,1187215,55,2024
271,Maharashtra,Solapur ,SHRI. SHA. BRA. DR. JAI SIDHESHWAR SHIVACHARY MAHASWAMIJI,SC,SC,BJP,Lotus,158608,1926,1851654,961,26,13,11,1086344,59,2024
272,Maharashtra,Bhandara - gondiya,Sunil Baburao Mendhe,GEN,GEN,BJP,Lotus,197394,2184,1811556,829,34,14,12,1246543,69,2024
273,Maharashtra,Madha,Ranjeetsinha Hindurao Naik- Nimbalkar,GEN,GEN,BJP,Lotus,85764,2025,1909574,943,42,31,29,1217823,64,2024
274,Maharashtra,Gadchiroli-Chimur,ASHOK MAHADEORAO NETE,ST,ST,BJP,Lotus,77526,1881,1581366,841,10,5,3,1143734,72,2024
275,Maharashtra,Sangli,Sanjaykaka Patil,GEN,GEN,BJP,Lotus,164352,1848,1809109,979,21,12,9,1192571,66,2024
276,Maharashtra,Chandrapur,Balubhau alias Suresh Narayan Dhanorkar,GEN,GEN,INC,Hand,44763,2193,1910188,871,21,13,11,1239486,65,2024
277,Maharashtra,Satara,SHRIMANT CHH. UDAYANRAJE PRATAPSINHMAHARAJ BHONSLE,GEN,GEN,NCP,Clock,126528,2296,1848489,805,12,9,7,1117757,60,2024
278,Maharashtra,Yavatmal-Washim,Bhavana Pundlikrao Gawali,GEN,GEN,SHS,Bow and Arrow,117939,2206,1916185,869,37,24,22,1174824,61,2024
279,Maharashtra,Ratnagiri - sindhudurg,Vinayak Raut,GEN,GEN,SHS,Bow and Arrow,178322,1942,1455577,750,13,12,10,902355,62,2024
280,Maharashtra,Hingoli ,Hemant Patil,GEN,GEN,SHS,Bow and Arrow,277856,1997,1733729,868,42,28,26,1158767,67,2024
281,Maharashtra,Kolhapur,Sanjay Sadashivrao Mandlik,GEN,GEN,SHS,Bow and Arrow,270568,2148,1880496,875,25,15,13,1332504,71,2024
282,Maharashtra,Nanded,Prataprao Patil Chikhalikar,GEN,GEN,BJP,Lotus,40148,2028,1719322,848,59,14,12,1129462,66,2024
283,Maharashtra,Hatkanangle,Dhairyasheel Sambhajirao Mane,GEN,GEN,SHS,Bow and Arrow,96039,1856,1776555,957,23,17,15,1254313,71,2024
284,Maharashtra,Parbhani,JADHAV SANJAY (BANDU) HARIBHAU,GEN,GEN,SHS,Bow and Arrow,42199,2174,1985228,913,27,17,15,1253092,63,2024
285,Manipur,Outer manipur,Lorho S. Pfoze,ST,ST,NPF,Cock,73782,1562,1022099,654,8,8,5,859995,84,2024
286,Manipur,Inner manipur,DR RAJKUMAR RANJAN SINGH,GEN,GEN,BJP,Lotus,17755,1300,937464,721,11,11,8,760456,81,2024
287,Meghalaya,Shillong,VINCENT H. PALA,ST,ST,INC,Hand,152433,2053,1197806,583,8,6,4,784279,65,2024
288,Meghalaya,Tura ,AGATHA K. SANGMA,ST,ST,NPEP,Book,64030,1114,716990,644,3,3,1,583480,81,2024
289,Mizoram,MIZORAM,C LALROSANGA,ST,ST,MNF,Star,8140,1190,792464,666,6,6,4,500347,63,2024
290,Nagaland,Nagaland,Tokheho Yepthomi,GEN,GEN,NDPP,Globe,16344,2227,1213777,545,4,4,2,1007437,83,2024
291,NCT OF Delhi,CHANDNI CHOWK                 ,HARSH VARDHAN,GEN,GEN,BJP,Lotus,228145,1570,1562283,995,49,26,24,980814,63,2024
292,NCT OF Delhi,NORTH EAST DELHI              ,MANOJ TIWARI,GEN,GEN,BJP,Lotus,366102,2147,2290492,1067,60,24,22,1462767,64,2024
293,NCT OF Delhi,EAST DELHI                    ,GAUTAM GAMBHIR,GEN,GEN,BJP,Lotus,391222,1844,2039302,1106,52,26,23,1258195,62,2024
294,NCT OF Delhi,NEW DELHI                     ,MEENAKASHI LEKHI,GEN,GEN,BJP,Lotus,256504,1627,1617470,994,52,27,25,920567,57,2024
295,NCT OF Delhi,NORTH WEST DELHI              ,HANS RAJ HANS,SC ,SC ,BJP,Lotus,553897,2492,2378995,955,35,11,8,1402986,59,2024
296,NCT OF Delhi,WEST DELHI                    ,PARVESH SAHIB SINGH VERMA,GEN,GEN,BJP,Lotus,578486,2285,2371644,1038,51,23,20,1442492,61,2024
297,NCT OF Delhi,SOUTH DELHI                   ,RAMESH BIDHURI,GEN,GEN,BJP,Lotus,367043,1854,2067463,1115,48,27,25,1214545,59,2024
298,Odisha,Bargarh,Suresh Pujari,GEN,GEN,BJP,Lotus,63939,1895,1596290,842,8,6,4,1251078,78,2024
299,Odisha,Sundargarh ,Jual Oram,ST,ST,BJP,Lotus,223065,1853,1531525,827,11,8,5,1101049,72,2024
300,Odisha,Sambalpur,NITESH GANGA DEB,GEN,GEN,BJP,Lotus,9162,1756,1468530,836,12,11,9,1126662,77,2024
301,Odisha,Keonjhar ,Chandrani Murmu,ST,ST,BJD,Conch,66203,1968,1516688,771,11,8,6,1176479,78,2024
302,Odisha,Mayurbhanj ,BISHWESWAR TUDU,ST,ST,BJP,Lotus,25256,1891,1493205,790,10,8,6,1151693,77,2024
303,Odisha,Balasore,PRATAP CHANDRA SARANGI,GEN,GEN,BJP,Lotus,12956,1639,1531781,935,13,12,10,1159355,76,2024
304,Odisha,Bhadrak ,MANJULATA MANDAL,SC,SC,BJD,Conch,28791,1793,1661661,927,10,8,5,1228046,74,2024
305,Odisha,Jajpur ,SARMISTHA SETHI,SC,SC,BJD,Conch,101693,1627,1475007,907,10,8,6,1092965,74,2024
306,Odisha,Dhenkanal,MAHESH SAHOO,GEN,GEN,BJD,Conch,35412,1713,1504403,878,9,9,7,1133213,75,2024
307,Odisha,Bolangir,Sangeeta Kumari Singh Deo,GEN,GEN,BJP,Lotus,19516,2140,1744446,815,8,8,5,1306744,75,2024
308,Odisha,Kalahandi,BASANTA KUMAR PANDA,GEN,GEN,BJP,Lotus,26814,2015,1611056,800,9,7,4,1230929,76,2024
309,Odisha,Nabarangpur ,RAMESH CHANDRA MAJHI,ST,ST,BJD,Conch,41634,1773,1461004,824,4,4,1,1161787,80,2024
310,Odisha,Kandhamal,ACHYUTANANDA SAMANTA,GEN,GEN,BJD,Conch,149216,1570,1288666,821,8,5,3,942041,73,2024
311,Odisha,Cuttack,BHARTRUHARI MAHTAB,GEN,GEN,BJD,Conch,121201,1644,1518996,924,11,11,9,1060459,70,2024
312,Odisha,Kendrapara ,Anubhav Mohanty,GEN,GEN,BJD,Conch,153581,1999,1710916,856,9,7,5,1238448,72,2024
313,Odisha,Jagatsinghpur ,RAJASHREE MALLICK,SC,SC,BJD,Conch,271655,1886,1643595,871,9,9,6,1229827,75,2024
314,Odisha,Puri,PINAKI MISRA,GEN,GEN,BJD,Conch,11714,1769,1562331,883,9,8,6,1136124,73,2024
315,Odisha,Bhubaneswar,APARAJITA SARANGI,GEN,GEN,BJP,Lotus,23839,1656,1699678,1026,18,14,12,1005624,59,2024
316,Odisha,Aska,Pramila Bisoyi,GEN,GEN,BJD,Conch,204707,1694,1541145,910,10,8,6,1013890,66,2024
317,Odisha,Berhampur,CHANDRA SEKHAR SAHU,GEN,GEN,BJD,Conch,94844,1697,1502455,885,9,8,6,990087,66,2024
318,Odisha,Koraput ,SAPTAGIRI SANKAR ULAKA,ST,ST,INC,Hand,3613,1776,1434384,808,7,7,4,1080669,75,2024
319,Puducherry,Puducherry,Ve. VAITHILINGAM,GEN,GEN,INC,Hand,197025,970,973410,1004,30,18,16,790895,81,2024
320,Punjab,Ludhiana,RAVNEET SINGH BITTU,GEN,GEN,INC,Hand,76372,1721,1683325,978,28,22,19,1047025,62,2024
321,Punjab,Fatehgarh Sahib,AMAR SINGH,SC,SC,INC,Hand,93898,1750,1502861,859,27,20,18,987161,66,2024
322,Punjab,Faridkot,Mohammad Sadique,SC,SC,INC,Hand,83256,1613,1541971,956,25,20,18,975242,63,2024
323,Punjab,Firozpur,SUKHBIR SINGH BADAL,GEN,GEN,SAD,Scales,198850,1805,1618419,897,25,22,20,1172801,72,2024
324,Punjab,Bathinda,Harsimrat Kaur Badal,GEN,GEN,SAD,Scales,21772,1729,1621671,938,36,27,25,1202593,74,2024
325,Punjab,Sangrur,BHAGWANT MANN,GEN,GEN,AAAP,Broom,110211,1627,1529431,940,31,25,22,1107256,72,2024
326,Punjab,Patiala,Preneet Kaur,GEN,GEN,INC,Hand,162718,1922,1739600,905,33,25,23,1178847,68,2024
327,Punjab,Gurdaspur,SUNNY DEOL,GEN,GEN,BJP,Lotus,82459,1826,1595284,874,23,15,13,1104546,69,2024
328,Punjab,Amritsar,GURJEET SINGH AUJLA,GEN,GEN,INC,Hand,99626,1601,1507875,942,34,30,28,860582,57,2024
329,Punjab,Khadoor Sahib,JASBIR SINGH GILL (DIMPA),GEN,GEN,INC,Hand,140573,1902,1638842,862,25,19,16,1048150,64,2024
330,Punjab,Jalandhar,Santokh Singh Chaudhary,SC,SC,INC,Hand,19491,1863,1617018,868,24,19,16,1019403,63,2024
331,Punjab,Hoshiarpur,SOM PARKASH,SC,SC,BJP,Lotus,48530,1911,1597500,836,13,8,6,991665,62,2024
332,Punjab,Anandpur Sahib,Manish Tewari,GEN,GEN,INC,Hand,46884,1943,1698876,874,35,26,24,1082024,64,2024
333,Rajasthan,Ganganagar,NIHAL CHAND,SC,SC,BJP,Lotus,406978,2024,1943486,960,11,9,7,1453085,75,2024
334,Rajasthan,Bikaner (SC),ARJUN RAM MEGHWAL,SC,SC,BJP,Lotus,264081,1829,1851628,1012,12,9,7,1100500,59,2024
335,Rajasthan,Churu,RAHUL KASWAN,GEN,GEN,BJP,Lotus,334402,2068,2019104,976,17,12,10,1330672,66,2024
336,Rajasthan,Jhunjhunu,NARENDRA KUMAR,GEN,GEN,BJP,Lotus,302547,2009,1937882,965,17,12,10,1203702,62,2024
337,Rajasthan,Sikar,Sumedhanand Saraswati,GEN,GEN,BJP,Lotus,297156,2046,2041612,998,17,12,10,1330661,65,2024
338,Rajasthan,Jaipur Rural,COL. RAJYAVARDHAN RATHORE,GEN,GEN,BJP,Lotus,393171,2025,1952542,964,11,8,6,1279667,66,2024
339,Rajasthan,Jaipur,Ramcharan Bohra,GEN,GEN,BJP,Lotus,430626,1873,2127021,1136,34,24,22,1456506,68,2024
340,Rajasthan,Alwar,Balak Nath,GEN,GEN,BJP,Lotus,329971,1991,1888524,949,13,11,9,1268477,67,2024
341,Rajasthan,BHARATPUR,RANJEETA KOLI,SC,SC,BJP,Lotus,318399,2006,1943794,969,10,8,6,1148971,59,2024
342,Rajasthan,KARAULI-DHOLPUR,MANOJ RAJORIA,SC,SC,BJP,Lotus,97682,1987,1810574,911,5,5,3,999130,55,2024
343,Rajasthan,Dausa,Jaskaur Meena,ST,ST,BJP,Lotus,78444,1954,1730289,886,12,11,9,1064078,62,2024
344,Rajasthan,TONK-SAWAI MADHOPUR,Sukhbir Singh Jaunapuria,GEN,GEN,BJP,Lotus,111291,2072,1945992,939,10,8,6,1234467,63,2024
345,Rajasthan,Ajmer,Bhagirath Chaudhary,GEN,GEN,BJP,Lotus,416424,1951,1876346,962,11,7,5,1263246,67,2024
346,Rajasthan,Nagaur,HANUMAN BENIWAL,GEN,GEN,RLTP,Tyres,181260,1971,1933169,981,14,13,11,1204773,62,2024
347,Rajasthan,Pali,P. P. CHAUDHARY,GEN,GEN,BJP,Lotus,481597,2236,2161663,967,14,8,6,1361515,63,2024
348,Rajasthan,Jodhpur,Gajendra Singh Shekhawat,GEN,GEN,BJP,Lotus,274440,1993,1956755,982,12,10,8,1347933,69,2024
349,Rajasthan,Barmer,KAILASH CHOUDHARY,GEN,GEN,BJP,Lotus,323808,2552,1941231,761,16,7,5,1422875,73,2024
350,Rajasthan,Jalore,Devaji Patel,GEN,GEN,BJP,Lotus,261110,2097,2071244,988,28,15,13,1361627,66,2024
351,Rajasthan,Udaipur,ARJUNLAL MEENA,ST,ST,BJP,Lotus,437914,2275,2069559,910,9,9,7,1455417,70,2024
352,Rajasthan,Banswara,KANAKMAL KATARA,ST,ST,BJP,Lotus,305464,2115,1975368,934,5,5,2,1440109,73,2024
353,Rajasthan,Chittorgarh,Chandra Prakash Joshi,GEN,GEN,BJP,Lotus,576247,2327,2015911,866,13,10,8,1459266,72,2024
354,Rajasthan,Rajsamand,Diya Kumari,GEN,GEN,BJP,Lotus,551916,2107,1912911,908,12,10,8,1240848,65,2024
355,Rajasthan,Bhilwara,SUBHASH CHANDRA BAHERIA,GEN,GEN,BJP,Lotus,612000,2219,1997328,900,7,4,2,1311011,66,2024
356,Rajasthan,Kota,OM BIRLA,GEN,GEN,BJP,Lotus,279677,2051,1948010,950,24,15,13,1367928,70,2024
357,Rajasthan,JHALAWAR-BARAN,DUSHYANT SINGH,GEN,GEN,BJP,Lotus,453928,2187,1903870,871,11,7,5,1370017,72,2024
358,Sikkim,Sikkim,INDRA HANG SUBBA,GEN,GEN,SKM,Table Lamp,12433,567,434128,766,11,11,9,353415,81,2024
359,Tamil Nadu,Theni ,"RAVEENDRANATH KUMAR, P",GEN,GEN,ADMK,Two Leaves,76693,1781,1561040,876,43,30,28,1175008,75,2024
360,Tamil Nadu,Thiruvallur ,Dr.K.Jayakumar,SC,SC,INC,Hand,356955,2206,1946870,883,28,20,18,1408265,72,2024
361,Tamil Nadu,Virudhunagar,"MANICKAM TAGORE, B.",GEN,GEN,INC,Hand,154554,1673,1484256,887,39,28,26,1075926,72,2024
362,Tamil Nadu,Chennai North,Dr. KALANIDHI VEERASWAMY,GEN,GEN,DMK,Rising Sun,461518,1474,1487681,1009,45,23,22,955931,64,2024
363,Tamil Nadu,Ramanathapuram,K. NAVASKANI,GEN,GEN,IUML,Ladder,127122,1916,1559740,814,37,23,21,1066923,68,2024
364,Tamil Nadu,Chennai South,T.SUMATHY (A) THAMIZHACHI THANGAPANDIAN,GEN,GEN,DMK,Rising Sun,262223,1895,1973533,1041,50,40,38,1126341,57,2024
365,Tamil Nadu,Thoothukkudi,KANIMOZHI KARUNANIDHI,GEN,GEN,DMK,Rising Sun,347209,1595,1427783,895,48,37,35,991967,69,2024
366,Tamil Nadu,Chennai central,DAYANIDHI MARAN,GEN,GEN,DMK,Rising Sun,301520,1309,1332300,1018,44,31,29,785757,59,2024
367,Tamil Nadu,Tenkasi ,DHANUSH.M.KUMAR,SC,SC,DMK,Rising Sun,120767,1738,1492317,859,33,25,23,1066008,71,2024
368,Tamil Nadu,Sriperumbudur,Baalu.T.R.,GEN,GEN,DMK,Rising Sun,507955,2360,2253448,955,42,19,17,1407153,62,2024
369,Tamil Nadu,Tirunelveli,GNANATHIRAVIAM S,GEN,GEN,DMK,Rising Sun,185720,1783,1547800,868,41,26,24,1040390,67,2024
370,Tamil Nadu,Kancheepuram ,Selvam.G,SC,SC,DMK,Rising Sun,286632,1913,1643992,859,21,11,9,1238158,75,2024
371,Tamil Nadu,Kanniyakumari,Vasanthakumar. H,GEN,GEN,INC,Hand,259933,1694,1501250,886,26,15,13,1049427,70,2024
372,Tamil Nadu,Arakkonam,S. JAGATHRAKSHAKAN,GEN,GEN,DMK,Rising Sun,328956,1700,1500016,882,24,19,17,1179712,79,2024
373,Tamil Nadu,Krishnagiri,Dr.A.CHELLAKUMAR,GEN,GEN,INC,Hand,156765,1850,1530404,827,26,15,13,1162273,76,2024
374,Tamil Nadu,Dharmapuri,DNV SENTHILKUMAR. S.,GEN,GEN,DMK,Rising Sun,70753,1787,1485804,831,27,15,13,1224465,82,2024
375,Tamil Nadu,Tiruvannamalai,ANNADURAI C N,GEN,GEN,DMK,Rising Sun,304187,1717,1473862,858,32,25,23,1151791,78,2024
376,Tamil Nadu,Arani,VISHNU PRASAD M K,GEN,GEN,INC,Hand,230806,1756,1449150,825,26,15,13,1144917,79,2024
377,Tamil Nadu,Viluppuram,RAVIKUMAR D,SC,SC,DMK,Rising Sun,128068,1723,1444335,838,24,13,11,1136098,79,2024
378,Tamil Nadu,Kallakurichi,Gautham Sigamani Pon,GEN,GEN,DMK,Rising Sun,399919,1794,1528938,852,33,24,22,1204935,79,2024
379,Tamil Nadu,Salem,PARTHIBAN.S.R,GEN,GEN,DMK,Rising Sun,146926,1803,1612512,894,38,22,20,1256330,78,2024
380,Tamil Nadu,Namakkal,CHINRAJ A.K.P,GEN,GEN,DMK,Rising Sun,265151,1653,1413599,855,36,29,27,1133984,80,2024
381,Tamil Nadu,Erode,GANESHAMURTHI A,GEN,GEN,DMK,Rising Sun,210618,1678,1462246,871,30,20,18,1069003,73,2024
382,Tamil Nadu,Tiruppur,"SUBBARAYAN, K.",GEN,GEN,CPI,Ears of Corn And Sickle,93368,1704,1530014,898,26,12,10,1120093,73,2024
383,Tamil Nadu,Nilgiris ,"RAJA, A.",SC,SC,DMK,Rising Sun,205823,1610,1366060,848,15,10,8,1011049,74,2024
384,Tamil Nadu,Coimbatore,NATARAJAN. P.R,GEN,GEN,CPIM,"Hammer, Sickle and Star",179143,2045,1958904,958,30,14,12,1250929,64,2024
385,Tamil Nadu,Pollachi,SHANMUGA SUNDARAM. K,GEN,GEN,DMK,Rising Sun,175883,1691,1520504,899,32,14,12,1081888,71,2024
386,Tamil Nadu,Dindigul,"VELUSAMY, P.",GEN,GEN,DMK,Rising Sun,538972,1787,1541881,863,28,21,19,1160931,75,2024
387,Tamil Nadu,Karur,Jothimani S,GEN,GEN,INC,Hand,420546,1650,1387286,841,49,42,40,1103645,80,2024
388,Tamil Nadu,Tiruchirappalli,Thirunavukkarasar. SU,GEN,GEN,INC,Hand,459286,1660,1508963,909,37,24,23,1048779,70,2024
389,Tamil Nadu,Perambalur,"Dr.PAARIVENDHAR, T. R",GEN,GEN,DMK,Rising Sun,403518,1644,1391853,847,32,19,17,1103160,79,2024
390,Tamil Nadu,Cuddalore ,T. R. V .S. RAMESH,GEN,GEN,DMK,Rising Sun,143983,1499,1364038,910,35,21,19,1043380,76,2024
391,Tamil Nadu,Chidambaram ,THIRUMAAVALAVAN THOL,SC,SC,VCK,Pot,3219,1708,1480222,867,19,13,11,1154257,78,2024
392,Tamil Nadu,Mayiladuthurai,RAMALINGAM. S,GEN,GEN,DMK,Rising Sun,261314,1738,1484842,854,39,27,25,1097780,74,2024
393,Tamil Nadu,Nagapattinam ,SELVARAJ M,SC,SC,CPI,Ears of Corn And Sickle,211353,1537,1303649,848,19,15,13,1002920,77,2024
394,Tamil Nadu,Thanjavur,"PALANIMANICKAM,S.S.",GEN,GEN,DMK,Rising Sun,368129,1691,1461052,864,26,12,10,1060052,73,2024
395,Tamil Nadu,Sivaganga,KARTI P CHIDAMBARAM,GEN,GEN,INC,Hand,332244,1856,1552019,836,31,26,24,1084906,70,2024
396,Tamil Nadu,Madurai,VENKATESAN S,GEN,GEN,CPIM,"Hammer, Sickle and Star",139395,1549,1539026,994,36,27,25,1017122,66,2024
397,Telangana,Adilabad ,SOYAM BAPU RAO,ST,ST,BJP,Lotus,58560,2079,1489790,717,16,11,8,1063977,71,2024
398,Telangana,Peddapalle ,Venkatesh Netha Borlakunta,SC,SC,TRS,Car,95180,1827,1479091,810,27,17,15,970165,66,2024
399,Telangana,Karimnagar ,BANDI SANJAY KUMAR,GEN,GEN,BJP,Lotus,89508,2181,1651543,757,24,15,13,1148201,70,2024
400,Telangana,Nizamabad,ARVIND DHARMAPURI,GEN,GEN,BJP,Lotus,70875,1788,1553385,869,203,185,183,1063182,68,2024
401,Telangana,Zahirabad,B.B.PATIL,GEN,GEN,TRS,Car,6229,1940,1498666,773,18,12,10,1044504,70,2024
402,Telangana,Medak,Kotha Prabhakar Reddy,GEN,GEN,TRS,Car,316427,2043,1603318,785,20,10,7,1150331,72,2024
403,Telangana,Malkajgiri,ANUMULA REVANTH REDDY,GEN,GEN,INC,Hand,10919,2960,3150313,1064,40,12,9,1563646,50,2024
404,Telangana,Secundrabad,G . KISHAN REDDY,GEN,GEN,BJP,Lotus,62114,1809,1968276,1088,51,28,25,915263,47,2024
405,Telangana,Hyderabad,ASADUDDIN OWAISI,GEN,GEN,AIMIM,Kite,282186,1935,1957931,1012,24,15,13,877941,45,2024
406,Telangana,CHEVELLA,Dr. G. Ranjith Reddy,GEN,GEN,TRS,Car,14317,2785,2443112,877,28,23,21,1300998,53,2024
407,Telangana,Mahbubnagar,MANNE SRINIVAS REDDY,GEN,GEN,TRS,Car,77829,1871,1506102,805,23,12,9,984767,65,2024
408,Telangana,Nagarkurnool,POTHUGANTI RAMULU,SC,SC,TRS,Car,189748,1936,1588111,820,15,11,9,989893,62,2024
409,Telangana,Nalgonda,UTTAM KUMAR REDDY NALAMADA,GEN,GEN,INC,Hand,25682,1990,1585980,797,39,27,25,1175984,74,2024
410,Telangana,Bhongir ,Komati Reddy Venkat Reddy,GEN,GEN,INC,Hand,5219,2068,1628033,787,34,13,11,1212777,74,2024
411,Telangana,Warangal,DAYAKAR PASUNOORI,SC,SC,TRS,Car,350298,1859,1666770,897,29,15,13,1061672,64,2024
412,Telangana,Mahabubabad  ,Kavitha Malothu,ST,ST,TRS,Car,146663,1735,1424385,821,20,14,12,983707,69,2024
413,Telangana,Khammam ,NAMA NAGESWR RAO,GEN,GEN,TRS,Car,168062,1798,1513809,842,34,23,21,1139848,75,2024
414,Tripura,Tripura West,Pratima Bhoumik,GEN,GEN,BJP,Lotus,305689,1679,1352857,806,18,13,11,1108427,82,2024
415,Tripura,Tripura East,Rebati Tripura,ST,ST,BJP,Lotus,204290,1645,1261861,767,10,10,7,1046123,83,2024
416,Uttar Pradesh,Aonla,DHARMENDRA KASHYAP,GEN,GEN,BJP,Lotus,113743,2038,1785605,876,24,14,12,1052902,59,2024
417,Uttar Pradesh,Bahraich,AKSHAIBAR LAL,SC,SC,BJP,Lotus,128752,1942,1729908,891,10,10,8,990143,57,2024
418,Uttar Pradesh,Bareilly,SANTOSH KUMAR GANGWAR,GEN,GEN,BJP,Lotus,167282,1890,1797655,951,28,16,14,1068956,59,2024
419,Uttar Pradesh,Kaiserganj,Brijbhusan Sharan Singh,GEN,GEN,BJP,Lotus,261601,2118,1805946,853,12,12,10,982323,54,2024
420,Uttar Pradesh,Pilibhit,Feroze Varun Gandhi,GEN,GEN,BJP,Lotus,255627,1944,1761207,906,16,13,11,1187225,67,2024
421,Uttar Pradesh,Shrawasti,RAM SHIROMANI,GEN,GEN,BSP,Elephant,5320,2177,1914739,880,19,10,8,997139,52,2024
422,Uttar Pradesh,Shahjahanpur,Arun Kumar Sagar,SC,SC,BJP,Lotus,268418,2424,2114201,872,16,14,12,1187133,56,2024
423,Uttar Pradesh,Gonda,KIRTI VARDHAN SINGH ALIAS RAJA BHAIYA,GEN,GEN,BJP,Lotus,166360,2118,1770248,836,16,15,13,924123,52,2024
424,Uttar Pradesh,Kheri,Ajay Kumar,GEN,GEN,BJP,Lotus,218807,1868,1770699,948,16,15,13,1136772,64,2024
425,Uttar Pradesh,Domariyaganj,JAGDAMBIKA PAL,GEN,GEN,BJP,Lotus,105321,2248,1885433,839,17,10,8,985330,52,2024
426,Uttar Pradesh,Dhaurahra,REKHA VERMA,GEN,GEN,BJP,Lotus,160611,1911,1644674,861,22,8,6,1063953,65,2024
427,Uttar Pradesh,Basti,HARISH CHANDRA ALIAS HARISH DWIVEDI,GEN,GEN,BJP,Lotus,30354,2316,1845223,797,20,11,9,1055201,57,2024
428,Uttar Pradesh,Sant Kabir Nagar,PRAVEEN KUMAR NISHAD,GEN,GEN,BJP,Lotus,35749,2255,1962903,870,27,7,5,1063925,54,2024
429,Uttar Pradesh,Sitapur,Rajesh Verma,GEN,GEN,BJP,Lotus,100833,1985,1666126,839,20,12,10,1065222,64,2024
430,Uttar Pradesh,Maharajganj,PANKAJ CHOUDHARY,GEN,GEN,BJP,Lotus,340424,2067,1915408,927,21,14,12,1227224,64,2024
431,Uttar Pradesh,Hardoi,Jai Prakash,SC,SC,BJP,Lotus,132474,2118,1807119,853,14,11,9,1057847,59,2024
432,Uttar Pradesh,Misrikh,Ashok Kumar Rawat,SC,SC,BJP,Lotus,100672,2172,1796932,827,13,13,11,1027382,57,2024
433,Uttar Pradesh,Gorakhpur,Ravindra Shyamnarayan Shukla alias Ravi Kishan,GEN,GEN,BJP,Lotus,301664,2157,1981197,918,31,10,8,1184925,60,2024
434,Uttar Pradesh,Unnao,Swami Sakshi Ji Maharaj,GEN,GEN,BJP,Lotus,400956,2522,2191465,869,19,9,7,1237551,56,2024
435,Uttar Pradesh,Kushi Nagar,VIJAY KUMAR DUBEY,GEN,GEN,BJP,Lotus,337560,1963,1761564,897,16,14,12,1053309,60,2024
436,Uttar Pradesh,Saharanpur,HAJI FAZLUR REHMAN,GEN,GEN,BSP,Elephant,22417,1938,1739082,897,20,11,8,1232438,71,2024
437,Uttar Pradesh,Kairana,Pradeep Kumar,GEN,GEN,BJP,Lotus,92160,1823,1666703,914,14,13,11,1124213,67,2024
438,Uttar Pradesh,Mohanlalganj,Kaushal Kishore,SC,SC,BJP,Lotus,90204,2151,2023431,941,25,12,10,1270580,63,2024
439,Uttar Pradesh,Deoria,RAMAPATI RAM TRIPATHI,GEN,GEN,BJP,Lotus,249931,1137,1754195,1543,29,11,9,1015596,58,2024
440,Uttar Pradesh,Muzaffarnagar,Sanjeev Kumar Balyan,GEN,GEN,BJP,Lotus,6526,1800,1698003,943,22,10,8,1161774,68,2024
441,Uttar Pradesh,Lucknow,Rajnath Singh,GEN,GEN,BJP,Lotus,347302,1841,2040367,1108,51,15,13,1117630,55,2024
442,Uttar Pradesh,Bansgaon,Kamlesh Paswan,SC,SC,BJP,Lotus,153468,1986,1751258,882,11,4,2,969783,55,2024
443,Uttar Pradesh,Bijnor,MALOOK NAGAR,GEN,GEN,BSP,Elephant,69941,1943,1664125,856,16,13,11,1101966,66,2024
444,Uttar Pradesh,Rae Bareli,SONIA GANDHI,GEN,GEN,INC,Hand,167178,1883,1702248,904,34,15,13,959022,56,2024
445,Uttar Pradesh,Lalganj,Sangeeta Azad,SC,SC,BSP,Elephant,161597,1956,1751980,896,15,15,13,961064,55,2024
446,Uttar Pradesh,Nagina,GIRISH CHANDRA,SC,SC,BSP,Elephant,166832,1776,1586117,893,9,7,5,1009785,64,2024
447,Uttar Pradesh,Amethi,Smriti Irani,GEN,GEN,BJP,Lotus,55120,1963,1743515,888,36,27,25,942956,54,2024
448,Uttar Pradesh,Azamgarh,Akhilesh Yadav,GEN,GEN,SP,Bicycle,259874,1987,1789168,900,23,15,13,1029796,58,2024
449,Uttar Pradesh,Moradabad,Dr. S.T. HASAN,GEN,GEN,SP,Bicycle,97878,2054,1958939,954,25,13,11,1282265,65,2024
450,Uttar Pradesh,Sultanpur,MANEKA SANJAI GANDHI,GEN,GEN,BJP,Lotus,14526,2118,1775196,838,23,15,13,1000764,56,2024
451,Uttar Pradesh,Ghosi,ATUL KUMAR SINGH,GEN,GEN,BSP,Elephant,122568,2119,1991651,940,26,15,13,1141480,57,2024
452,Uttar Pradesh,Rampur,Mohammad Azam Khan,GEN,GEN,SP,Bicycle,109997,1946,1679506,863,17,11,9,1061238,63,2024
453,Uttar Pradesh,Pratapgarh,SANGAM LAL GUPTA,GEN,GEN,BJP,Lotus,117752,1892,1708759,903,25,8,6,915259,54,2024
454,Uttar Pradesh,Salempur,RAVINDER,GEN,GEN,BJP,Lotus,112615,1862,1667282,895,21,15,13,924101,55,2024
455,Uttar Pradesh,Sambhal,DR. SHAFIQUR REHMAN BARQ,GEN,GEN,SP,Bicycle,174826,1943,1828764,941,15,12,10,1183788,65,2024
456,Uttar Pradesh,Farrukhabad,Mukesh Rajput,GEN,GEN,BJP,Lotus,221702,1949,1708585,877,22,9,7,1003241,59,2024
457,Uttar Pradesh,Ballia,Virendra Singh,GEN,GEN,BJP,Lotus,15519,1996,1822625,913,19,10,8,990571,54,2024
458,Uttar Pradesh,Amroha,KUNWAR DANISH ALI,GEN,GEN,BSP,Elephant,63248,1804,1646435,913,15,10,8,1169754,71,2024
459,Uttar Pradesh,Etawah,Dr RAM SHANKAR KATHERIA,SC,SC,BJP,Lotus,64437,2049,1757984,858,17,13,11,1028811,59,2024
460,Uttar Pradesh,Jaunpur,SHYAM SINGH YADAV,GEN,GEN,BSP,Elephant,80936,1899,1867976,984,32,20,18,1041833,56,2024
461,Uttar Pradesh,Meerut,RAJENDRA AGARWAL,GEN,GEN,BJP,Lotus,4729,2007,1892931,943,15,11,9,1216940,64,2024
462,Uttar Pradesh,Kannauj,SUBRAT PATHAK,GEN,GEN,BJP,Lotus,12353,2242,1874824,836,22,10,8,1140985,61,2024
463,Uttar Pradesh,Machhlishahr,Bholanath (B.P. Saroj),SC,SC,BJP,Lotus,181,1935,1848306,955,18,15,13,1035410,56,2024
464,Uttar Pradesh,Baghpat,Dr. SATYAPAL SINGH,GEN,GEN,BJP,Lotus,23502,1796,1616476,900,13,13,11,1045607,65,2024
465,Uttar Pradesh,Kanpur,Satyadev Pachauri,GEN,GEN,BJP,Lotus,155934,1532,1632983,1066,27,14,12,843419,52,2024
466,Uttar Pradesh,Ghazipur,AFZAL ANSARI,GEN,GEN,BSP,Elephant,119392,2050,1881077,918,21,14,12,1107497,59,2024
467,Uttar Pradesh,Ghaziabad,Vijay Kumar Singh,GEN,GEN,BJP,Lotus,501500,2931,2728978,931,25,12,10,1525097,56,2024
468,Uttar Pradesh,Akbarpur,Devendra Singh 'Bhole',GEN,GEN,BJP,Lotus,275142,1917,1766121,921,35,14,12,1026633,58,2024
469,Uttar Pradesh,Chandauli,Dr. Mahendra Nath Pandey,GEN,GEN,BJP,Lotus,13959,1835,1756837,957,26,13,11,1086193,62,2024
470,Uttar Pradesh,Varanasi,NARENDRA MODI,GEN,GEN,BJP,Lotus,479505,1819,1856791,1021,102,26,24,1060829,57,2024
471,Uttar Pradesh,Gautam Buddha Nagar,Dr. MAHESH SHARMA,GEN,GEN,BJP,Lotus,336922,2397,2302960,961,21,13,11,1393141,60,2024
472,Uttar Pradesh,Jalaun,BHANU PRATAP SINGH VERMA,SC,SC,BJP,Lotus,158377,2326,1933358,831,13,5,3,1130746,58,2024
473,Uttar Pradesh,Bhadohi,RAMESH CHAND,GEN,GEN,BJP,Lotus,43615,2151,1942514,903,32,12,10,1039863,54,2024
474,Uttar Pradesh,Bulandshahr,BHOLA SINGH,SC,SC,BJP,Lotus,290057,2964,1787925,603,13,9,7,1125000,63,2024
475,Uttar Pradesh,Jhansi,Anurag Sharma,GEN,GEN,BJP,Lotus,365683,2329,2040739,876,21,11,9,1381130,68,2024
476,Uttar Pradesh,Hamirpur,KUNWAR PUSHPENDRA SINGH CHANDEL,GEN,GEN,BJP,Lotus,248652,1244,1749100,1406,18,14,12,1090029,62,2024
477,Uttar Pradesh,Mirzapur,Anupriya Singh Patel,GEN,GEN,ADAL,Cup & Saucer,232008,2089,1845150,883,23,9,7,1109059,60,2024
478,Uttar Pradesh,Aligarh,SATISH KUMAR GAUTAM,GEN,GEN,BJP,Lotus,229261,2129,1887127,886,20,14,12,1163950,62,2024
479,Uttar Pradesh,Banda,R.K. SINGH PATEL,GEN,GEN,BJP,Lotus,58938,1924,1702024,885,24,8,6,1034912,61,2024
480,Uttar Pradesh,Robertsganj,PAKAURI LAL KOL,SC,SC,ADAL,Cup & Saucer,54336,1875,1723538,919,24,12,10,988804,57,2024
481,Uttar Pradesh,Hathras,RAJVIR DILER,SC,SC,BJP,Lotus,260208,2203,1864320,846,11,8,6,1151461,62,2024
482,Uttar Pradesh,Mathura,HEMA MALINI,GEN,GEN,BJP,Lotus,293471,2014,1807893,898,25,13,11,1104325,61,2024
483,Uttar Pradesh,Fatehpur,NIRANJAN JYOTI,GEN,GEN,BJP,Lotus,198205,2045,1839312,899,17,10,8,1044489,57,2024
484,Uttar Pradesh,Agra,Satyapal Singh Baghel,SC,SC,BJP,Lotus,211546,2178,1937690,890,18,9,7,1145629,59,2024
485,Uttar Pradesh,Kaushambi,VINOD KUMAR SONKAR,SC,SC,BJP,Lotus,38722,1937,1787120,923,22,12,10,975037,55,2024
486,Uttar Pradesh,Fatehpur Sikri,RAJKUMAR CHAHAR,GEN,GEN,BJP,Lotus,495065,1967,1718837,874,25,15,14,1038460,60,2024
487,Uttar Pradesh,Phulpur,Keshari Devi Patel,GEN,GEN,BJP,Lotus,171968,2158,2010477,932,39,14,12,979077,49,2024
488,Uttar Pradesh,Firozabad,Dr. Chandra Sen Jadon,GEN,GEN,BJP,Lotus,28781,2040,1790510,878,22,6,4,1076574,60,2024
489,Uttar Pradesh,Allahabad,Rita Bahuguna Joshi,GEN,GEN,BJP,Lotus,184275,1922,1716160,893,23,14,12,889553,52,2024
490,Uttar Pradesh,Mainpuri,MULAYAM SINGH YADAV,GEN,GEN,SP,Bicycle,94389,2179,1723236,791,16,12,10,978261,57,2024
491,Uttar Pradesh,Barabanki,Upendra Singh Rawat,SC,SC,BJP,Lotus,110140,2166,1816830,839,17,13,11,1155708,64,2024
492,Uttar Pradesh,Etah,Rajveer Singh (Raju Bhaiya),GEN,GEN,BJP,Lotus,122670,1998,1621295,811,17,14,12,1000352,62,2024
493,Uttar Pradesh,Faizabad,LALLU SINGH,GEN,GEN,BJP,Lotus,65477,2116,1821785,861,31,13,11,1087420,60,2024
494,Uttar Pradesh,Badaun,Dr. Sanghmitra Maurya,GEN,GEN,BJP,Lotus,18454,2088,1891576,906,25,9,7,1081474,57,2024
495,Uttar Pradesh,Ambedkar Nagar,Ritesh Pandey,GEN,GEN,BSP,Elephant,95880,2062,1785657,866,20,11,9,1090615,61,2024
496,Uttarakhand,Hardwar,Ramesh Pokhriyal 'Nishank',GEN,GEN,BJP,Lotus,258729,2255,1840738,816,20,15,13,1273393,69,2024
497,Uttarakhand,Tehri Garhwal,MALA RAJYA LAXMI SHAH,GEN,GEN,BJP,Lotus,300586,2372,1493543,630,15,15,13,879183,59,2024
498,Uttarakhand,Garhwal,Tirath Singh Rawat,GEN,GEN,BJP,Lotus,302669,2244,1355796,604,12,9,7,748022,55,2024
499,Uttarakhand,Almora,Ajay Tamta,SC,SC,BJP,Lotus,232986,2154,1337808,621,8,6,4,699807,52,2024
500,Uttarakhand,Nainital-udhamsingh Nagar,Ajay Bhatt,GEN,GEN,BJP,Lotus,339096,2204,1828433,830,10,7,5,1261010,69,2024
501,West Bengal,Maldaha Dakshin,ABU HASEM KHAN CHOWDHURY (DALU),GEN,GEN,INC,Hand,8222,1616,1575590,975,12,10,7,1279977,81,2024
502,West Bengal,Asansol,BABUL SUPRIYO,GEN,GEN,BJP,Lotus,197637,1860,1615865,869,11,10,8,1238151,77,2024
503,West Bengal,Jangipur,KHALILUR RAHAMAN,GEN,GEN,AITC,Flowers and Grass,245782,1762,1616213,917,11,11,8,1304629,81,2024
504,West Bengal,Bolpur,ASIT KUMAR MAL,SC,SC,AITC,Flowers and Grass,106402,1957,1705073,871,7,7,5,1461929,86,2024
505,West Bengal,Birbhum,SATABDI ROY,GEN,GEN,AITC,Flowers and Grass,88924,1908,1699219,891,10,9,7,1450108,85,2024
506,West Bengal,Baharampur,ADHIR RANJAN CHOWDHURY,GEN,GEN,INC,Hand,80696,1844,1638378,888,11,11,9,1301033,79,2024
507,West Bengal,Murshidabad,ABU TAHER KHAN,GEN,GEN,AITC,Flowers and Grass,226417,1907,1725187,905,11,11,8,1454192,84,2024
508,West Bengal,Krishnanagar,MAHUA MOITRA,GEN,GEN,AITC,Flowers and Grass,63218,1812,1631698,900,11,11,9,1366601,84,2024
509,West Bengal,Ranaghat,JAGANNATH SARKAR,SC,SC,BJP,Lotus,233428,1971,1762252,894,12,7,5,1484797,84,2024
510,West Bengal,Bangaon,SHANTANU THAKUR,SC,SC,BJP,Lotus,111594,1899,1704632,898,10,10,8,1408653,83,2024
511,West Bengal,Barrackpore,ARJUN SINGH,GEN,GEN,BJP,Lotus,14857,1567,1436431,917,20,15,13,1104699,77,2024
512,West Bengal,Dum dum,SOUGATA RAY,GEN,GEN,AITC,Flowers and Grass,53002,1761,1566196,889,15,12,10,1204695,77,2024
513,West Bengal,Barasat,Dr. Kakoli Ghoshdastidar,GEN,GEN,AITC,Flowers and Grass,110169,1915,1718252,897,21,12,10,1396194,81,2024
514,West Bengal,Basirhat,Nusrat Jahan Ruhi,GEN,GEN,AITC,Flowers and Grass,350369,1861,1678357,902,14,13,11,1433769,85,2024
515,West Bengal,Jaynagar,PRATIMA MONDAL,SC,SC,AITC,Flowers and Grass,316775,1810,1648355,911,12,8,6,1356386,82,2024
516,West Bengal,Mathurapur,CHOUDHURY MOHAN JATUA,SC,SC,AITC,Flowers and Grass,203974,1848,1652096,894,9,9,7,1402019,85,2024
517,West Bengal,Diamond harbour,ABHISHEK BANERJEE,GEN,GEN,AITC,Flowers and Grass,320594,1912,1719190,899,11,10,8,1409373,82,2024
518,West Bengal,Jadavpur,MIMI CHAKRABORTY,GEN,GEN,AITC,Flowers and Grass,295239,2042,1816857,890,18,13,10,1437283,79,2024
519,West Bengal,Kolkata Dakshin,Mala Roy,GEN,GEN,AITC,Flowers and Grass,155192,2031,1728851,851,16,13,11,1207076,70,2024
520,West Bengal,Kolkata Uttar,BANDYOPADHYAY SUDIP,GEN,GEN,AITC,Flowers and Grass,127095,1862,1444082,776,21,21,19,950639,66,2024
521,West Bengal,Howrah,Prasun Banerjee,GEN,GEN,AITC,Flowers and Grass,103695,1868,1633925,875,21,19,17,1222708,75,2024
522,West Bengal,Uluberia,SAJDA AHMED,GEN,GEN,AITC,Flowers and Grass,215359,1826,1614988,884,10,10,8,1311120,81,2024
523,West Bengal,Srerampur,KALYAN BANERJEE,GEN,GEN,AITC,Flowers and Grass,98536,2033,1785472,878,11,11,9,1402259,79,2024
524,West Bengal,Hooghly,LOCKET CHATTERJEE,GEN,GEN,BJP,Lotus,73362,2039,1766601,866,9,9,7,1458634,83,2024
525,West Bengal,Arambagh,APARUPA PODDAR (AFRIN ALI),SC,SC,AITC,Flowers and Grass,1142,2058,1764726,857,9,9,7,1472462,83,2024
526,West Bengal,Tamluk,Adhikari Dibyendu,GEN,GEN,AITC,Flowers and Grass,190165,1891,1694646,896,12,12,10,1446940,85,2024
527,West Bengal,Kanthi,Adhikari Sisir,GEN,GEN,AITC,Flowers and Grass,111668,1860,1660147,893,9,7,5,1424966,86,2024
528,West Bengal,Ghatal,ADHIKARI DEEPAK (DEV),GEN,GEN,AITC,Flowers and Grass,107973,2074,1800002,868,7,7,5,1489338,83,2024
529,West Bengal,Cooch behar,NISITH PRAMANIK,SC,SC,BJP,Lotus,54231,2010,1814200,903,11,11,9,1525446,84,2024
530,West Bengal,Jhargram,Kunar Hembram,ST,ST,BJP,Lotus,11767,1994,1641868,823,13,9,7,1407231,86,2024
531,West Bengal,Alipurduars,JOHN BARLA,ST,ST,BJP,Lotus,243989,1834,1648383,899,8,7,5,1381176,84,2024
532,West Bengal,Medinipur,Dilip Ghosh,GEN,GEN,BJP,Lotus,88952,1930,1674236,867,9,9,7,1410321,84,2024
533,West Bengal,Jalpaiguri,Dr. JAYANTA KUMAR ROY,SC,SC,BJP,Lotus,184004,1868,1735464,929,16,12,10,1501379,87,2024
534,West Bengal,Purulia,JYOTIRMAY SINGH MAHATO,GEN,GEN,BJP,Lotus,204732,1873,1645884,879,15,15,13,1355861,82,2024
535,West Bengal,Darjeeling,RAJU BISTA,GEN,GEN,BJP,Lotus,413443,1899,1611317,849,21,16,14,1269666,79,2024
536,West Bengal,Bankura,DR. SUBHAS SARKAR,GEN,GEN,BJP,Lotus,174333,1936,1648906,852,20,15,13,1372645,83,2024
537,West Bengal,Raiganj,DEBASREE CHAUDHURI,GEN,GEN,BJP,Lotus,60574,1623,1601220,987,15,14,12,1278076,80,2024
538,West Bengal,Bishnupur,KHAN SAUMITRA,SC,SC,BJP,Lotus,78047,1870,1627199,870,9,9,7,1421191,87,2024
539,West Bengal,Balurghat,Sukanta Majumdar,GEN,GEN,BJP,Lotus,33293,1530,1431704,936,13,13,11,1198237,84,2024
540,West Bengal,Bardhaman Purba,SUNIL KUMAR MONDAL,SC,SC,AITC,Flowers and Grass,89311,1919,1698089,885,7,7,5,1439603,85,2024
541,West Bengal,Maldaha Uttar,KHAGEN MURMU,GEN,GEN,BJP,Lotus,84288,1713,1685955,984,16,16,13,1355367,80,2024
542,West Bengal,Bardhaman Durgapur,S.S AHLUWALIA,GEN,GEN,BJP,Lotus,2439,2006,1733578,864,6,6,4,1433189,83,2024
